,Unnamed: 0.2,Unnamed: 0.1,Unnamed: 0,Row,Col,Treatment,Concentration_uM,Cell_Death,Well,A,incubation_time,drug,Row_New,concentr,normalized_atp_1,plate,B,normalized_atp_2,C,normalized_atp_3,normalized_atp
0,0,0,27,B,3,Stauro,"0,04748",Apoptosis,B03,137144.0,28h,apoptosis,2,0.04748,0.5461789713442005,1,,,,,0.5461789713442005
1,1,1,28,B,4,Stauro,"0,02374",Apoptosis,B04,133408.0,28h,apoptosis,2,0.02374,0.5313002698556779,1,,,,,0.5313002698556779
2,2,2,29,B,5,Stauro,"0,01187",Apoptosis,B05,185160.0,28h,apoptosis,2,0.01187,0.7374037386549331,1,,,,,0.7374037386549331
3,3,3,30,B,6,Stauro,"0,005935",Apoptosis,B06,180408.0,28h,apoptosis,2,0.005935,0.7184787950057204,1,,,,,0.7184787950057204
4,4,4,37,B,13,Stauro,"0,04748",Apoptosis,B13,140360.0,28h,apoptosis,2,0.04748,0.5589867614906374,1,,,,,0.5589867614906374
5,5,5,38,B,14,Stauro,"0,02374",Apoptosis,B14,141104.0,28h,apoptosis,2,0.02374,0.5619497577185445,1,,,,,0.5619497577185445
6,6,6,39,B,15,Stauro,"0,01187",Apoptosis,B15,189032.0,28h,apoptosis,2,0.01187,0.7528240631098473,1,,,,,0.7528240631098473
7,7,7,40,B,16,Stauro,"0,005935",Apoptosis,B16,166936.0,28h,apoptosis,2,0.005935,0.6648262611584571,1,,,,,0.6648262611584571
8,8,8,42,B,18,Stauro,"0,04748",Apoptosis,B18,133952.0,28h,apoptosis,2,0.04748,0.5334667617212444,1,,,,,0.5334667617212444
9,9,9,43,B,19,Stauro,"0,02374",Apoptosis,B19,163352.0,28h,apoptosis,2,0.02374,0.6505529029853135,1,,,,,0.6505529029853135
10,10,10,44,B,20,Stauro,"0,01187",Apoptosis,B20,176112.0,28h,apoptosis,2,0.01187,0.7013698813026442,1,,,,,0.7013698813026442
11,11,11,45,B,21,Stauro,"0,005935",Apoptosis,B21,184800.0,28h,apoptosis,2,0.005935,0.73597003080272,1,,,,,0.73597003080272
12,12,12,46,B,22,Stauro,"0,0029675",Apoptosis,B22,200168.0,28h,apoptosis,2,0.0029675,0.7971734260049723,1,,,,,0.7971734260049723
13,13,13,51,C,3,Vinblastine,"0,00222",Apoptosis,C03,115944.0,28h,apoptosis,3,0.00222,0.4617495089360962,1,,,,,0.4617495089360962
14,14,14,52,C,4,Vinblastine,"0,00111",Apoptosis,C04,166784.0,28h,apoptosis,3,0.00111,0.6642209178430782,1,,,,,0.6642209178430782
15,15,15,61,C,13,Vinblastine,"0,00222",Apoptosis,C13,153728.0,28h,apoptosis,3,0.00222,0.6122251130694836,1,,,,,0.6122251130694836
16,16,16,62,C,14,Vinblastine,"0,00111",Apoptosis,C14,189176.0,28h,apoptosis,3,0.00111,0.7533975462507325,1,,,,,0.7533975462507325
17,17,17,66,C,18,Vinblastine,"0,00222",Apoptosis,C18,139720.0,28h,apoptosis,3,0.00222,0.5564379475311475,1,,,,,0.5564379475311475
18,18,18,67,C,19,Vinblastine,"0,00111",Apoptosis,C19,197992.0,28h,apoptosis,3,0.00111,0.7885074585427064,1,,,,,0.7885074585427064
19,19,19,75,D,3,Paclitaxel,"110,24",Apoptosis,D03,114480.0,28h,apoptosis,4,110.24,0.455919097003763,1,,,,,0.455919097003763
20,20,20,78,D,6,Paclitaxel,"13,78",Apoptosis,D06,84080.0,28h,apoptosis,4,13.78,0.3348504339279908,1,,,,,0.3348504339279908
21,21,21,79,D,7,Paclitaxel,"6,89",Apoptosis,D07,96488.0,28h,apoptosis,4,6.89,0.384265564567602,1,,,,,0.384265564567602
22,22,22,88,D,16,Paclitaxel,"13,78",Apoptosis,D16,90160.0,28h,apoptosis,4,13.78,0.3590641665431452,1,,,,,0.3590641665431452
23,23,23,89,D,17,Paclitaxel,"6,89",Apoptosis,D17,113440.0,28h,apoptosis,4,6.89,0.4517772743195918,1,,,,,0.4517772743195918
24,24,24,90,D,18,Paclitaxel,"110,24",Apoptosis,D18,90576.0,28h,apoptosis,4,110.24,0.3607208956168137,1,,,,,0.3607208956168137
25,25,25,93,D,21,Paclitaxel,"13,78",Apoptosis,D21,99968.0,28h,apoptosis,4,13.78,0.3981247404723286,1,,,,,0.3981247404723286
26,26,26,94,D,22,Paclitaxel,"6,89",Apoptosis,D22,96544.0,28h,apoptosis,4,6.89,0.3844885857890574,1,,,,,0.3844885857890574
27,27,27,99,E,3,Etoposide,"67,48",Apoptosis,E03,140720.0,28h,apoptosis,5,67.48,0.5604204693428505,1,,,,,0.5604204693428505
28,28,28,100,E,4,Etoposide,"33,74",Apoptosis,E04,131432.0,28h,apoptosis,5,33.74,0.5234308067557527,1,,,,,0.5234308067557527
29,29,29,101,E,5,Etoposide,"16,87",Apoptosis,E05,159288.0,28h,apoptosis,5,16.87,0.6343679343425523,1,,,,,0.6343679343425523
30,30,30,102,E,6,Etoposide,"8,435",Apoptosis,E06,152904.0,28h,apoptosis,5,8.435,0.6089435150966402,1,,,,,0.6089435150966402
31,31,31,103,E,7,Etoposide,"4,2175",Apoptosis,E07,186808.0,28h,apoptosis,5,4.2175,0.7439669346006198,1,,,,,0.7439669346006198
32,32,32,109,E,13,Etoposide,"67,48",Apoptosis,E13,117144.0,28h,apoptosis,5,67.48,0.4665285351101398,1,,,,,0.4665285351101398
33,33,33,110,E,14,Etoposide,"33,74",Apoptosis,E14,133192.0,28h,apoptosis,5,33.74,0.5304400451443501,1,,,,,0.5304400451443501
34,34,34,111,E,15,Etoposide,"16,87",Apoptosis,E15,153368.0,28h,apoptosis,5,16.87,0.6107914052172704,1,,,,,0.6107914052172704
35,35,35,112,E,16,Etoposide,"8,435",Apoptosis,E16,176792.0,28h,apoptosis,5,8.435,0.7040779961346022,1,,,,,0.7040779961346022
36,36,36,113,E,17,Etoposide,"4,2175",Apoptosis,E17,189416.0,28h,apoptosis,5,4.2175,0.7543533514855413,1,,,,,0.7543533514855413
37,37,37,114,E,18,Etoposide,"67,48",Apoptosis,E18,96296.0,28h,apoptosis,5,67.48,0.3835009203797551,1,,,,,0.3835009203797551
38,38,38,115,E,19,Etoposide,"33,74",Apoptosis,E19,107784.0,28h,apoptosis,5,33.74,0.4292521309525994,1,,,,,0.4292521309525994
39,39,39,116,E,20,Etoposide,"16,87",Apoptosis,E20,148688.0,28h,apoptosis,5,16.87,0.5921532031385003,1,,,,,0.5921532031385003
40,40,40,117,E,21,Etoposide,"8,435",Apoptosis,E21,166880.0,28h,apoptosis,5,8.435,0.6646032399370018,1,,,,,0.6646032399370018
41,41,41,118,E,22,Etoposide,"4,2175",Apoptosis,E22,189128.0,28h,apoptosis,5,4.2175,0.7532063852037708,1,,,,,0.7532063852037708
42,42,42,138,F,18,Actinomycin D,"0,0015104",Apoptosis,F18,200632.0,28h,apoptosis,6,0.0015104,0.7990213161256025,1,,,,,0.7990213161256025
43,43,43,147,G,3,Doxorubicin,"0,2472",Apoptosis,G03,194720.0,28h,apoptosis,7,0.2472,0.7754766471748141,1,,,,,0.7754766471748141
44,44,44,157,G,13,Doxorubicin,"0,2472",Apoptosis,G13,175752.0,28h,apoptosis,7,0.2472,0.699936173450431,1,,,,,0.699936173450431
45,45,45,162,G,18,Doxorubicin,"0,2472",Apoptosis,G18,147424.0,28h,apoptosis,7,0.2472,0.5871192955685076,1,,,,,0.5871192955685076
46,46,46,171,H,3,Niclosamide,"6,78",Apoptosis,H03,98688.0,28h,apoptosis,8,6.78,0.3930271125533487,1,,,,,0.3930271125533487
47,47,47,172,H,4,Niclosamide,"3,39",Apoptosis,H04,145712.0,28h,apoptosis,8,3.39,0.580301218226872,1,,,,,0.580301218226872
48,48,48,181,H,13,Niclosamide,"6,78",Apoptosis,H13,83928.0,28h,apoptosis,8,6.78,0.334245090612612,1,,,,,0.334245090612612
49,49,49,182,H,14,Niclosamide,"3,39",Apoptosis,H14,144000.0,28h,apoptosis,8,3.39,0.5734831408852364,1,,,,,0.5734831408852364
50,50,50,183,H,15,Niclosamide,"1,695",Apoptosis,H15,194528.0,28h,apoptosis,8,1.695,0.7747120029869672,1,,,,,0.7747120029869672
51,51,51,186,H,18,Niclosamide,"6,78",Apoptosis,H18,83312.0,28h,apoptosis,8,6.78,0.3317918571766029,1,,,,,0.3317918571766029
52,52,52,187,H,19,Niclosamide,"3,39",Apoptosis,H19,178200.0,28h,apoptosis,8,3.39,0.7096853868454801,1,,,,,0.7096853868454801
53,53,53,188,H,20,Niclosamide,"1,695",Apoptosis,H20,194184.0,28h,apoptosis,8,1.695,0.7733420154837414,1,,,,,0.7733420154837414
54,54,54,196,I,4,RLS3,"0,03014",Ferroptosis,I04,82272.0,28h,ferroptosis,9,0.03014,0.3276500344924317,1,,,,,0.3276500344924317
55,55,55,197,I,5,RLS3,"0,01507",Ferroptosis,I05,178608.0,28h,ferroptosis,9,0.01507,0.7113102557446549,1,,,,,0.7113102557446549
56,56,56,206,I,14,RLS3,"0,03014",Ferroptosis,I14,95376.0,28h,ferroptosis,9,0.03014,0.3798370003129883,1,,,,,0.3798370003129883
57,57,57,211,I,19,RLS3,"0,03014",Ferroptosis,I19,176208.0,28h,ferroptosis,9,0.03014,0.7017522033965676,1,,,,,0.7017522033965676
58,58,58,212,I,20,RLS3,"0,01507",Ferroptosis,I20,183416.0,28h,ferroptosis,9,0.01507,0.7304582206153231,1,,,,,0.7304582206153231
59,59,59,235,J,19,ML162,"0,04786",Ferroptosis,J19,102008.0,28h,ferroptosis,10,0.04786,0.4062490849682028,1,,,,,0.4062490849682028
60,60,60,236,J,20,ML162,"0,02393",Ferroptosis,J20,167264.0,28h,ferroptosis,10,0.02393,0.6661325283126958,1,,,,,0.6661325283126958
61,61,61,246,K,6,ML210,"0,0588",Ferroptosis,K06,196400.0,28h,ferroptosis,11,0.0588,0.7821672838184752,1,,,,,0.7821672838184752
62,62,62,255,K,15,ML210,"0,1176",Ferroptosis,K15,124472.0,28h,ferroptosis,11,0.1176,0.4957124549462997,1,,,,,0.4957124549462997
63,63,63,260,K,20,ML210,"0,1176",Ferroptosis,K20,94480.0,28h,ferroptosis,11,0.1176,0.3762686607697023,1,,,,,0.3762686607697023
64,64,64,303,M,15,IKE,"0,349",Ferroptosis,M15,131640.0,28h,ferroptosis,13,0.349,0.5242591712925869,1,,,,,0.5242591712925869
65,65,65,307,M,19,IKE,"0,698",Ferroptosis,M19,97264.0,28h,ferroptosis,13,0.698,0.3873560014934836,1,,,,,0.3873560014934836
66,66,66,308,M,20,IKE,"0,349",Ferroptosis,M20,150016.0,28h,ferroptosis,13,0.349,0.5974419921044418,1,,,,,0.5974419921044418
67,67,67,317,N,5,FINO2,"1,071",Ferroptosis,N05,114240.0,28h,ferroptosis,14,1.071,0.4549632917689542,1,,,,,0.4549632917689542
68,68,68,318,N,6,FINO2,"0,5355",Ferroptosis,N06,171680.0,28h,ferroptosis,14,0.5355,0.6837193446331763,1,,,,,0.6837193446331763
69,69,69,327,N,15,FINO2,"1,071",Ferroptosis,N15,137200.0,28h,ferroptosis,14,1.071,0.5464019925656558,1,,,,,0.5464019925656558
70,70,70,328,N,16,FINO2,"0,5355",Ferroptosis,N16,139024.0,28h,ferroptosis,14,0.5355,0.5536661123502021,1,,,,,0.5536661123502021
71,71,71,333,N,21,FINO2,"0,5355",Ferroptosis,N21,195728.0,28h,ferroptosis,14,0.5355,0.7794910291610108,1,,,,,0.7794910291610108
72,72,72,334,N,22,FINO2,"0,26775",Ferroptosis,N22,185480.0,28h,ferroptosis,14,0.26775,0.7386781456346782,1,,,,,0.7386781456346782
73,73,73,339,O,3,FIN56,"0,3106",Ferroptosis,O03,91912.0,28h,ferroptosis,15,0.3106,0.366041544757249,1,,,,,0.366041544757249
74,74,74,340,O,4,FIN56,"0,1553",Ferroptosis,O04,104248.0,28h,ferroptosis,15,0.1553,0.4151699338264175,1,,,,,0.4151699338264175
75,75,75,341,O,5,FIN56,"0,07765",Ferroptosis,O05,184968.0,28h,ferroptosis,15,0.07765,0.7366390944670862,1,,,,,0.7366390944670862
76,76,76,342,O,6,FIN56,"0,038825",Ferroptosis,O06,185048.0,28h,ferroptosis,15,0.038825,0.7369576962120225,1,,,,,0.7369576962120225
77,77,77,350,O,14,FIN56,"0,1553",Ferroptosis,O14,123608.0,28h,ferroptosis,15,0.1553,0.4922715561009882,1,,,,,0.4922715561009882
78,78,78,351,O,15,FIN56,"0,07765",Ferroptosis,O15,134864.0,28h,ferroptosis,15,0.07765,0.5370988216135175,1,,,,,0.5370988216135175
79,79,79,352,O,16,FIN56,"0,038825",Ferroptosis,O16,200336.0,28h,ferroptosis,15,0.038825,0.7978424896693384,1,,,,,0.7978424896693384
80,80,80,353,O,17,FIN56,"0,0194125",Ferroptosis,O17,195360.0,28h,ferroptosis,15,0.0194125,0.7780254611343042,1,,,,,0.7780254611343042
81,81,81,355,O,19,FIN56,"0,1553",Ferroptosis,O19,98016.0,28h,ferroptosis,15,0.1553,0.3903508578958842,1,,,,,0.3903508578958842
82,82,82,356,O,20,FIN56,"0,07765",Ferroptosis,O20,143336.0,28h,ferroptosis,15,0.07765,0.5708387464022656,1,,,,,0.5708387464022656
83,83,83,357,O,21,FIN56,"0,038825",Ferroptosis,O21,199392.0,28h,ferroptosis,15,0.038825,0.7940829890790907,1,,,,,0.7940829890790907
84,84,84,337,O,1,DMSO,0,Healthy,O01,235648.0,28h,healthy,15,0.0,0.9384732998841958,1,,,,,0.9384732998841958
85,85,85,152,G,8,DMSO,0,Apoptosis,G08,268880.0,28h,healthy,7,0.0,1.070820464730711,1,,,,,1.070820464730711
86,86,86,344,O,8,DMSO,0,Ferroptosis,O08,233640.0,28h,healthy,15,0.0,0.9304763960862962,1,,,,,0.9304763960862962
87,87,87,287,L,23,DMSO,0,Healthy,L23,262968.0,28h,healthy,12,0.0,1.0472757957799226,1,,,,,1.0472757957799226
88,88,88,154,G,10,DMSO,0,Apoptosis,G10,277952.0,28h,healthy,7,0.0,1.1069499026064809,1,,,,,1.1069499026064809
89,89,89,313,N,1,DMSO,0,Healthy,N01,233160.0,28h,healthy,14,0.0,0.9285647856166788,1,,,,,0.9285647856166788
90,90,90,263,K,23,DMSO,0,Healthy,K23,279288.0,28h,healthy,11,0.0,1.112270551746916,1,,,,,1.112270551746916
91,91,91,200,I,8,DMSO,0,Ferroptosis,I08,263848.0,28h,healthy,9,0.0,1.0507804149742213,1,,,,,1.0507804149742213
92,92,92,252,K,12,DMSO,0,Ferroptosis,K12,301448.0,28h,healthy,11,0.0,1.2005232350942552,1,,,,,1.2005232350942552
93,93,93,176,H,8,DMSO,0,Apoptosis,H08,256456.0,28h,healthy,8,0.0,1.0213416137421123,1,,,,,1.0213416137421123
94,94,94,34,B,10,DMSO,0,Apoptosis,B10,247432.0,28h,healthy,2,0.0,0.9854033369133044,1,,,,,0.9854033369133044
95,95,95,215,I,23,DMSO,0,Healthy,I23,252664.0,28h,healthy,9,0.0,1.0062398910321346,1,,,,,1.0062398910321346
96,96,96,276,L,12,DMSO,0,Ferroptosis,L12,276208.0,28h,healthy,12,0.0,1.1000043845668708,1,,,,,1.1000043845668708
97,97,97,193,I,1,DMSO,0,Healthy,I01,268704.0,28h,healthy,9,0.0,1.0701195408918511,1,,,,,1.0701195408918511
98,98,98,228,J,12,DMSO,0,Ferroptosis,J12,255032.0,28h,healthy,10,0.0,1.0156705026822477,1,,,,,1.0156705026822477
99,99,99,216,I,24,Untreated,0,Healthy,I24,259928.0,28h,healthy,9,0.0,1.0351689294723454,1,,,,,1.0351689294723454
100,100,100,35,B,11,Untreated,0,Apoptosis,B11,278208.0,28h,healthy,2,0.0,1.1079694281902768,1,,,,,1.1079694281902768
101,101,101,275,L,11,Untreated,0,Ferroptosis,L11,307392.0,28h,healthy,12,0.0,1.224195344743018,1,,,,,1.224195344743018
102,102,102,218,J,2,Untreated,0,Healthy,J02,259136.0,28h,healthy,10,0.0,1.0320147721974766,1,,,,,1.0320147721974766
103,103,103,203,I,11,Untreated,0,Ferroptosis,I11,288808.0,28h,healthy,9,0.0,1.150184159394329,1,,,,,1.150184159394329
104,104,104,297,M,9,Untreated,0,Ferroptosis,M09,244824.0,28h,healthy,13,0.0,0.9750169200283828,1,,,,,0.9750169200283828
105,105,105,225,J,9,Untreated,0,Ferroptosis,J09,278848.0,28h,healthy,10,0.0,1.1105182421497668,1,,,,,1.1105182421497668
106,106,106,251,K,11,Untreated,0,Ferroptosis,K11,292952.0,28h,healthy,11,0.0,1.1666877297820264,1,,,,,1.1666877297820264
107,107,107,290,M,2,Untreated,0,Healthy,M02,257016.0,28h,healthy,13,0.0,1.0235718259566662,1,,,,,1.0235718259566662
108,108,108,144,F,24,Untreated,0,Healthy,F24,244632.0,28h,healthy,6,0.0,0.974252275840536,1,,,,,0.974252275840536
109,109,109,83,D,11,Untreated,0,Apoptosis,D11,263432.0,28h,healthy,4,0.0,1.0491236859005528,1,,,,,1.0491236859005528
110,110,110,48,B,24,Untreated,0,Healthy,B24,254248.0,28h,healthy,2,0.0,1.0125482055818722,1,,,,,1.0125482055818722
111,111,111,153,G,9,Untreated,0,Apoptosis,G09,279344.0,28h,healthy,7,0.0,1.1124935729683714,1,,,,,1.1124935729683714
112,112,112,314,N,2,Untreated,0,Healthy,N02,243664.0,28h,healthy,14,0.0,0.9703971947268072,1,,,,,0.9703971947268072
113,113,113,170,H,2,Untreated,0,Healthy,H02,259576.0,28h,healthy,8,0.0,1.0337670817946258,1,,,,,1.0337670817946258
114,114,114,27,B,3,Stauro,"0,04748",Apoptosis,B03,,28h,apoptosis,2,0.04748,,2,116416.0,0.46362925923122,,,0.46362925923122
115,115,115,28,B,4,Stauro,"0,02374",Apoptosis,B04,,28h,apoptosis,2,0.02374,,2,119336.0,0.4752582229213928,,,0.4752582229213928
116,116,116,29,B,5,Stauro,"0,01187",Apoptosis,B05,,28h,apoptosis,2,0.01187,,2,164808.0,0.6563514547431532,,,0.6563514547431532
117,117,117,30,B,6,Stauro,"0,005935",Apoptosis,B06,,28h,apoptosis,2,0.005935,,2,166792.0,0.6642527780175719,,,0.6642527780175719
118,118,118,37,B,13,Stauro,"0,04748",Apoptosis,B13,,28h,apoptosis,2,0.04748,,2,119856.0,0.4773291342634784,,,0.4773291342634784
119,119,119,38,B,14,Stauro,"0,02374",Apoptosis,B14,,28h,apoptosis,2,0.02374,,2,137808.0,0.5488233658271713,,,0.5488233658271713
120,120,120,39,B,15,Stauro,"0,01187",Apoptosis,B15,,28h,apoptosis,2,0.01187,,2,158928.0,0.6329342264903393,,,0.6329342264903393
121,121,121,40,B,16,Stauro,"0,005935",Apoptosis,B16,,28h,apoptosis,2,0.005935,,2,175896.0,0.7005096565913163,,,0.7005096565913163
122,122,122,41,B,17,Stauro,"0,0029675",Apoptosis,B17,,28h,apoptosis,2,0.0029675,,2,188912.0,0.752346160492443,,,0.752346160492443
123,123,123,42,B,18,Stauro,"0,04748",Apoptosis,B18,,28h,apoptosis,2,0.04748,,2,112792.0,0.4491966001856082,,,0.4491966001856082
124,124,124,43,B,19,Stauro,"0,02374",Apoptosis,B19,,28h,apoptosis,2,0.02374,,2,150224.0,0.5982703566412761,,,0.5982703566412761
125,125,125,44,B,20,Stauro,"0,01187",Apoptosis,B20,,28h,apoptosis,2,0.01187,,2,152288.0,0.6064902816606311,,,0.6064902816606311
126,126,126,45,B,21,Stauro,"0,005935",Apoptosis,B21,,28h,apoptosis,2,0.005935,,2,183616.0,0.7312547249776638,,,0.7312547249776638
127,127,127,46,B,22,Stauro,"0,0029675",Apoptosis,B22,,28h,apoptosis,2,0.0029675,,2,195696.0,0.7793635884630363,,,0.7793635884630363
128,128,128,51,C,3,Vinblastine,"0,00222",Apoptosis,C03,,28h,apoptosis,3,0.00222,,2,113768.0,0.4530835414738304,,,0.4530835414738304
129,129,129,52,C,4,Vinblastine,"0,00111",Apoptosis,C04,,28h,apoptosis,3,0.00111,,2,175976.0,0.7008282583362525,,,0.7008282583362525
130,130,130,61,C,13,Vinblastine,"0,00222",Apoptosis,C13,,28h,apoptosis,3,0.00222,,2,145576.0,0.5797595952604804,,,0.5797595952604804
131,131,131,62,C,14,Vinblastine,"0,00111",Apoptosis,C14,,28h,apoptosis,3,0.00111,,2,161064.0,0.641440893080137,,,0.641440893080137
132,132,132,66,C,18,Vinblastine,"0,00222",Apoptosis,C18,,28h,apoptosis,3,0.00222,,2,132560.0,0.5279230913593538,,,0.5279230913593538
133,133,133,67,C,19,Vinblastine,"0,00111",Apoptosis,C19,,28h,apoptosis,3,0.00111,,2,190800.0,0.7598651616729383,,,0.7598651616729383
134,134,134,75,D,3,Paclitaxel,"110,24",Apoptosis,D03,,28h,apoptosis,4,110.24,,2,116608.0,0.464393903419067,,,0.464393903419067
135,135,135,79,D,7,Paclitaxel,"6,89",Apoptosis,D07,,28h,apoptosis,4,6.89,,2,105928.0,0.4218605704700786,,,0.4218605704700786
136,136,136,89,D,17,Paclitaxel,"6,89",Apoptosis,D17,,28h,apoptosis,4,6.89,,2,101544.0,0.4044011948475726,,,0.4044011948475726
137,137,137,94,D,22,Paclitaxel,"6,89",Apoptosis,D22,,28h,apoptosis,4,6.89,,2,89952.0,0.358235802006311,,,0.358235802006311
138,138,138,99,E,3,Etoposide,"67,48",Apoptosis,E03,,28h,apoptosis,5,67.48,,2,116568.0,0.4642346025465989,,,0.4642346025465989
139,139,139,100,E,4,Etoposide,"33,74",Apoptosis,E04,,28h,apoptosis,5,33.74,,2,130008.0,0.5177596956958876,,,0.5177596956958876
140,140,140,101,E,5,Etoposide,"16,87",Apoptosis,E05,,28h,apoptosis,5,16.87,,2,150128.0,0.5978880345473526,,,0.5978880345473526
141,141,141,102,E,6,Etoposide,"8,435",Apoptosis,E06,,28h,apoptosis,5,8.435,,2,169232.0,0.6739701312381273,,,0.6739701312381273
142,142,142,109,E,13,Etoposide,"67,48",Apoptosis,E13,,28h,apoptosis,5,67.48,,2,117768.0,0.4690136287206425,,,0.4690136287206425
143,143,143,110,E,14,Etoposide,"33,74",Apoptosis,E14,,28h,apoptosis,5,33.74,,2,137304.0,0.546816174834073,,,0.546816174834073
144,144,144,111,E,15,Etoposide,"16,87",Apoptosis,E15,,28h,apoptosis,5,16.87,,2,163360.0,0.6505847631598071,,,0.6505847631598071
145,145,145,112,E,16,Etoposide,"8,435",Apoptosis,E16,,28h,apoptosis,5,8.435,,2,181496.0,0.7228117787368533,,,0.7228117787368533
146,146,146,113,E,17,Etoposide,"4,2175",Apoptosis,E17,,28h,apoptosis,5,4.2175,,2,170536.0,0.6791633396805881,,,0.6791633396805881
147,147,147,114,E,18,Etoposide,"67,48",Apoptosis,E18,,28h,apoptosis,5,67.48,,2,100072.0,0.3985389227407457,,,0.3985389227407457
148,148,148,115,E,19,Etoposide,"33,74",Apoptosis,E19,,28h,apoptosis,5,33.74,,2,136736.0,0.5445541024450257,,,0.5445541024450257
149,149,149,116,E,20,Etoposide,"16,87",Apoptosis,E20,,28h,apoptosis,5,16.87,,2,153696.0,0.612097672371509,,,0.612097672371509
150,150,150,117,E,21,Etoposide,"8,435",Apoptosis,E21,,28h,apoptosis,5,8.435,,2,170464.0,0.6788765981101454,,,0.6788765981101454
151,151,151,118,E,22,Etoposide,"4,2175",Apoptosis,E22,,28h,apoptosis,5,4.2175,,2,192160.0,0.7652813913368544,,,0.7652813913368544
152,152,152,133,F,13,Actinomycin D,"0,0015104",Apoptosis,F13,,28h,apoptosis,6,0.0015104,,2,190440.0,0.7584314538207252,,,0.7584314538207252
153,153,153,138,F,18,Actinomycin D,"0,0015104",Apoptosis,F18,,28h,apoptosis,6,0.0015104,,2,191544.0,0.7628281579008453,,,0.7628281579008453
154,154,154,139,F,19,Actinomycin D,"0,0007552",Apoptosis,F19,,28h,apoptosis,6,0.0007552,,2,195056.0,0.7768147745035464,,,0.7768147745035464
155,155,155,147,G,3,Doxorubicin,"0,2472",Apoptosis,G03,,28h,apoptosis,7,0.2472,,2,165024.0,0.657211679454481,,,0.657211679454481
156,156,156,157,G,13,Doxorubicin,"0,2472",Apoptosis,G13,,28h,apoptosis,7,0.2472,,2,130920.0,0.5213917555881608,,,0.5213917555881608
157,157,157,162,G,18,Doxorubicin,"0,2472",Apoptosis,G18,,28h,apoptosis,7,0.2472,,2,149320.0,0.5946701569234966,,,0.5946701569234966
158,158,158,163,G,19,Doxorubicin,"0,1236",Apoptosis,G19,,28h,apoptosis,7,0.1236,,2,175992.0,0.7008919786852398,,,0.7008919786852398
159,159,159,169,H,1,DMSO,0,Healthy,H01,,28h,healthy,8,0.0,,2,189920.0,0.7563605424786396,,,0.7563605424786396
160,160,160,170,H,2,Untreated,0,Healthy,H02,,28h,healthy,8,0.0,,2,199384.0,0.7940511289045971,,,0.7940511289045971
161,161,161,172,H,4,Niclosamide,"3,39",Apoptosis,H04,,28h,apoptosis,8,3.39,,2,115560.0,0.4602202205604022,,,0.4602202205604022
162,162,162,173,H,5,Niclosamide,"1,695",Apoptosis,H05,,28h,apoptosis,8,1.695,,2,186200.0,0.7415455613391043,,,0.7415455613391043
163,163,163,181,H,13,Niclosamide,"6,78",Apoptosis,H13,,28h,apoptosis,8,6.78,,2,90496.0,0.3604022938718775,,,0.3604022938718775
164,164,164,182,H,14,Niclosamide,"3,39",Apoptosis,H14,,28h,apoptosis,8,3.39,,2,142336.0,0.5668562245905626,,,0.5668562245905626
165,165,165,186,H,18,Niclosamide,"6,78",Apoptosis,H18,,28h,apoptosis,8,6.78,,2,93072.0,0.3706612700588245,,,0.3706612700588245
166,166,166,187,H,19,Niclosamide,"3,39",Apoptosis,H19,,28h,apoptosis,8,3.39,,2,158976.0,0.6331253875373011,,,0.6331253875373011
167,167,167,188,H,20,Niclosamide,"1,695",Apoptosis,H20,,28h,apoptosis,8,1.695,,2,199832.0,0.79583529867624,,,0.79583529867624
168,168,168,196,I,4,RLS3,"0,03014",Ferroptosis,I04,,28h,ferroptosis,9,0.03014,,2,109840.0,0.4374401957974609,,,0.4374401957974609
169,169,169,205,I,13,RLS3,"0,06028",Ferroptosis,I13,,28h,ferroptosis,9,0.06028,,2,104688.0,0.4169222434235669,,,0.4169222434235669
170,170,170,206,I,14,RLS3,"0,03014",Ferroptosis,I14,,28h,ferroptosis,9,0.03014,,2,136744.0,0.5445859626195192,,,0.5445859626195192
171,171,171,210,I,18,RLS3,"0,06028",Ferroptosis,I18,,28h,ferroptosis,9,0.06028,,2,97968.0,0.3901596968489225,,,0.3901596968489225
172,172,172,211,I,19,RLS3,"0,03014",Ferroptosis,I19,,28h,ferroptosis,9,0.03014,,2,159016.0,0.6332846884097691,,,0.6332846884097691
173,173,173,217,J,1,DMSO,0,Healthy,J01,,28h,healthy,10,0.0,,2,192736.0,0.7675753239003954,,,0.7675753239003954
174,174,174,218,J,2,Untreated,0,Healthy,J02,,28h,healthy,10,0.0,,2,172688.0,0.6877337266193729,,,0.6877337266193729
175,175,175,221,J,5,ML162,"0,02393",Ferroptosis,J05,,28h,ferroptosis,10,0.02393,,2,117824.0,0.4692366499420979,,,0.4692366499420979
176,176,176,222,J,6,ML162,"0,011965",Ferroptosis,J06,,28h,ferroptosis,10,0.011965,,2,180584.0,0.7191797188445801,,,0.7191797188445801
177,177,177,230,J,14,ML162,"0,04786",Ferroptosis,J14,,28h,ferroptosis,10,0.04786,,2,90720.0,0.3612943787576989,,,0.3612943787576989
178,178,178,234,J,18,ML162,"0,09572",Ferroptosis,J18,,28h,ferroptosis,10,0.09572,,2,77768.0,0.3097127562525213,,,0.3097127562525213
179,179,179,235,J,19,ML162,"0,04786",Ferroptosis,J19,,28h,ferroptosis,10,0.04786,,2,134344.0,0.5350279102714319,,,0.5350279102714319
180,180,180,236,J,20,ML162,"0,02393",Ferroptosis,J20,,28h,ferroptosis,10,0.02393,,2,193936.0,0.772354350074439,,,0.772354350074439
181,181,181,245,K,5,ML210,"0,1176",Ferroptosis,K05,,28h,ferroptosis,11,0.1176,,2,113456.0,0.4518409946685791,,,0.4518409946685791
182,182,182,253,K,13,ML210,"0,4704",Ferroptosis,K13,,28h,ferroptosis,11,0.4704,,2,75952.0,0.3024804966424686,,,0.3024804966424686
183,183,183,254,K,14,ML210,"0,2352",Ferroptosis,K14,,28h,ferroptosis,11,0.2352,,2,85936.0,0.3422419944105117,,,0.3422419944105117
184,184,184,255,K,15,ML210,"0,1176",Ferroptosis,K15,,28h,ferroptosis,11,0.1176,,2,101560.0,0.4044649151965598,,,0.4044649151965598
185,185,185,259,K,19,ML210,"0,2352",Ferroptosis,K19,,28h,ferroptosis,11,0.2352,,2,86768.0,0.3455554525578486,,,0.3455554525578486
186,186,186,260,K,20,ML210,"0,1176",Ferroptosis,K20,,28h,ferroptosis,11,0.1176,,2,138456.0,0.5514040399611548,,,0.5514040399611548
187,187,187,261,K,21,ML210,"0,0588",Ferroptosis,K21,,28h,ferroptosis,11,0.0588,,2,172248.0,0.6859814170222237,,,0.6859814170222237
188,188,188,267,L,3,Erastin,"5,132",Ferroptosis,L03,,28h,ferroptosis,12,5.132,,2,155616.0,0.6197441142499789,,,0.6197441142499789
189,189,189,268,L,4,Erastin,"2,566",Ferroptosis,L04,,28h,ferroptosis,12,2.566,,2,187336.0,0.746069706117199,,,0.746069706117199
190,190,190,293,M,5,IKE,"0,349",Ferroptosis,M05,,28h,ferroptosis,13,0.349,,2,200272.0,0.7975876082733894,,,0.7975876082733894
191,191,191,294,M,6,IKE,"0,1745",Ferroptosis,M06,,28h,ferroptosis,13,0.1745,,2,196104.0,0.7809884573622111,,,0.7809884573622111
192,192,192,303,M,15,IKE,"0,349",Ferroptosis,M15,,28h,ferroptosis,13,0.349,,2,146416.0,0.583104913582311,,,0.583104913582311
193,193,193,307,M,19,IKE,"0,698",Ferroptosis,M19,,28h,ferroptosis,13,0.698,,2,96568.0,0.3845841663125383,,,0.3845841663125383
194,194,194,308,M,20,IKE,"0,349",Ferroptosis,M20,,28h,ferroptosis,13,0.349,,2,172176.0,0.6856946754517811,,,0.6856946754517811
195,195,195,317,N,5,FINO2,"1,071",Ferroptosis,N05,,28h,ferroptosis,14,1.071,,2,96352.0,0.3837239416012104,,,0.3837239416012104
196,196,196,318,N,6,FINO2,"0,5355",Ferroptosis,N06,,28h,ferroptosis,14,0.5355,,2,166640.0,0.663647434702193,,,0.663647434702193
197,197,197,327,N,15,FINO2,"1,071",Ferroptosis,N15,,28h,ferroptosis,14,1.071,,2,113152.0,0.4506303080378213,,,0.4506303080378213
198,198,198,328,N,16,FINO2,"0,5355",Ferroptosis,N16,,28h,ferroptosis,14,0.5355,,2,172360.0,0.6864274594651344,,,0.6864274594651344
199,199,199,332,N,20,FINO2,"1,071",Ferroptosis,N20,,28h,ferroptosis,14,1.071,,2,119872.0,0.4773928546124657,,,0.4773928546124657
200,200,200,333,N,21,FINO2,"0,5355",Ferroptosis,N21,,28h,ferroptosis,14,0.5355,,2,170408.0,0.6786535768886901,,,0.6786535768886901
201,201,201,334,N,22,FINO2,"0,26775",Ferroptosis,N22,,28h,ferroptosis,14,0.26775,,2,183984.0,0.7327202930043705,,,0.7327202930043705
202,202,202,340,O,4,FIN56,"0,1553",Ferroptosis,O04,,28h,ferroptosis,15,0.1553,,2,125992.0,0.5017658881000883,,,0.5017658881000883
203,203,203,341,O,5,FIN56,"0,07765",Ferroptosis,O05,,28h,ferroptosis,15,0.07765,,2,171680.0,0.6837193446331763,,,0.6837193446331763
204,204,204,349,O,13,FIN56,"0,3106",Ferroptosis,O13,,28h,ferroptosis,15,0.3106,,2,147128.0,0.5859404691122435,,,0.5859404691122435
205,205,205,350,O,14,FIN56,"0,1553",Ferroptosis,O14,,28h,ferroptosis,15,0.1553,,2,117792.0,0.4691092092441234,,,0.4691092092441234
206,206,206,351,O,15,FIN56,"0,07765",Ferroptosis,O15,,28h,ferroptosis,15,0.07765,,2,136152.0,0.5422283097069911,,,0.5422283097069911
207,207,207,352,O,16,FIN56,"0,038825",Ferroptosis,O16,,28h,ferroptosis,15,0.038825,,2,196880.0,0.7840788942880927,,,0.7840788942880927
208,208,208,354,O,18,FIN56,"0,3106",Ferroptosis,O18,,28h,ferroptosis,15,0.3106,,2,101336.0,0.4035728303107383,,,0.4035728303107383
209,209,209,355,O,19,FIN56,"0,1553",Ferroptosis,O19,,28h,ferroptosis,15,0.1553,,2,176936.0,0.7046514792754874,,,0.7046514792754874
210,210,210,356,O,20,FIN56,"0,07765",Ferroptosis,O20,,28h,ferroptosis,15,0.07765,,2,156784.0,0.624395699726048,,,0.624395699726048
211,211,211,357,O,21,FIN56,"0,038825",Ferroptosis,O21,,28h,ferroptosis,15,0.038825,,2,168280.0,0.670178770473386,,,0.670178770473386
212,212,212,359,O,23,DMSO,0,Healthy,O23,,28h,healthy,15,0.0,,2,188568.0,0.7509761729892172,,,0.7509761729892172
213,213,213,313,N,1,DMSO,0,Healthy,N01,,28h,healthy,14,0.0,,2,259640.0,1.034021963190575,,,1.034021963190575
214,214,214,32,B,8,DMSO,0,Apoptosis,B08,,28h,healthy,2,0.0,,2,240272.0,0.9568884807415108,,,0.9568884807415108
215,215,215,156,G,12,DMSO,0,Apoptosis,G12,,28h,healthy,7,0.0,,2,248936.0,0.9913930497181056,,,0.9913930497181056
216,216,216,241,K,1,DMSO,0,Healthy,K01,,28h,healthy,11,0.0,,2,251864.0,1.003053873582772,,,1.003053873582772
217,217,217,335,N,23,DMSO,0,Healthy,N23,,28h,healthy,14,0.0,,2,246688.0,0.9824403406853972,,,0.9824403406853972
218,218,218,287,L,23,DMSO,0,Healthy,L23,,28h,healthy,12,0.0,,2,267976.0,1.0672202650129314,,,1.0672202650129314
219,219,219,311,M,23,DMSO,0,Healthy,M23,,28h,healthy,13,0.0,,2,220416.0,0.8778115276483353,,,0.8778115276483353
220,220,220,178,H,10,DMSO,0,Apoptosis,H10,,28h,healthy,8,0.0,,2,254088.0,1.0119110020919997,,,1.0119110020919997
221,221,221,296,M,8,DMSO,0,Ferroptosis,M08,,28h,healthy,13,0.0,,2,252184.0,1.004328280562517,,,1.004328280562517
222,222,222,193,I,1,DMSO,0,Healthy,I01,,28h,healthy,9,0.0,,2,235280.0,0.9370077318574892,,,0.9370077318574892
223,223,223,132,F,12,DMSO,0,Apoptosis,F12,,28h,healthy,6,0.0,,2,249952.0,0.995439291878796,,,0.995439291878796
224,224,224,320,N,8,DMSO,0,Ferroptosis,N08,,28h,healthy,14,0.0,,2,227928.0,0.9077282314978484,,,0.9077282314978484
225,225,225,25,B,1,DMSO,0,Healthy,B01,,28h,healthy,2,0.0,,2,260992.0,1.0394063326799974,,,1.0394063326799974
226,226,226,252,K,12,DMSO,0,Ferroptosis,K12,,28h,healthy,11,0.0,,2,283360.0,1.1284873805641709,,,1.1284873805641709
227,227,227,73,D,1,DMSO,0,Healthy,D01,,28h,healthy,4,0.0,,2,259288.0,1.0326201155128554,,,1.0326201155128554
228,228,228,239,J,23,DMSO,0,Healthy,J23,,28h,healthy,10,0.0,,2,261856.0,1.0428472315253088,,,1.0428472315253088
229,229,229,154,G,10,DMSO,0,Apoptosis,G10,,28h,healthy,7,0.0,,2,271664.0,1.0819078054544922,,,1.0819078054544922
230,230,230,145,G,1,DMSO,0,Healthy,G01,,28h,healthy,7,0.0,,2,236096.0,0.9402574696558388,,,0.9402574696558388
231,231,231,249,K,9,Untreated,0,Ferroptosis,K09,,28h,healthy,11,0.0,,2,282936.0,1.126798791316009,,,1.126798791316009
232,232,232,242,K,2,Untreated,0,Healthy,K02,,28h,healthy,11,0.0,,2,259024.0,1.031568729754566,,,1.031568729754566
233,233,233,218,J,2,Untreated,0,Healthy,J02,,28h,healthy,10,0.0,,2,172688.0,0.6877337266193729,,,0.6877337266193729
234,234,234,264,K,24,Untreated,0,Healthy,K24,,28h,healthy,11,0.0,,2,259224.0,1.0323652341169065,,,1.0323652341169065
235,235,235,312,M,24,Untreated,0,Healthy,M24,,28h,healthy,13,0.0,,2,247480.0,0.985594497960266,,,0.985594497960266
236,236,236,26,B,2,Untreated,0,Healthy,B02,,28h,healthy,2,0.0,,2,247224.0,0.98457497237647,,,0.98457497237647
237,237,237,192,H,24,Untreated,0,Healthy,H24,,28h,healthy,8,0.0,,2,249904.0,0.9952481308318342,,,0.9952481308318342
238,238,238,33,B,9,Untreated,0,Apoptosis,B09,,28h,healthy,2,0.0,,2,258808.0,1.030708505043238,,,1.030708505043238
239,239,239,168,G,24,Untreated,0,Healthy,G24,,28h,healthy,7,0.0,,2,249360.0,0.9930816389662678,,,0.9930816389662678
240,240,240,105,E,9,Untreated,0,Apoptosis,E09,,28h,healthy,5,0.0,,2,267000.0,1.0633333237247091,,,1.0633333237247091
241,241,241,81,D,9,Untreated,0,Apoptosis,D09,,28h,healthy,4,0.0,,2,261808.0,1.0426560704783472,,,1.0426560704783472
242,242,242,83,D,11,Untreated,0,Apoptosis,D11,,28h,healthy,4,0.0,,2,264496.0,1.0533610891082048,,,1.0533610891082048
243,243,243,203,I,11,Untreated,0,Ferroptosis,I11,,28h,healthy,9,0.0,,2,252456.0,1.0054115264953003,,,1.0054115264953003
244,244,244,314,N,2,Untreated,0,Healthy,N02,,28h,healthy,14,0.0,,2,252512.0,1.0056345477167556,,,1.0056345477167556
245,245,245,251,K,11,Untreated,0,Ferroptosis,K11,,28h,healthy,11,0.0,,2,295080.0,1.1751625361973304,,,1.1751625361973304
246,246,246,129,F,9,Untreated,0,Apoptosis,F09,,28h,healthy,6,0.0,,2,247720.0,0.9865503031950748,,,0.9865503031950748
247,247,247,275,L,11,Untreated,0,Ferroptosis,L11,,28h,healthy,12,0.0,,2,269704.0,1.0741020627035542,,,1.0741020627035542
248,248,248,338,O,2,Untreated,0,Healthy,O02,,28h,healthy,15,0.0,,2,239616.0,0.9542759464330336,,,0.9542759464330336
249,249,249,27,B,3,Stauro,"0,04748",Apoptosis,B03,,28h,apoptosis,2,0.04748,,3,,,105160.0,0.4188019937186907,0.4188019937186907
250,250,250,28,B,4,Stauro,"0,02374",Apoptosis,B04,,28h,apoptosis,2,0.02374,,3,,,131584.0,0.5240361500711316,0.5240361500711316
251,251,251,29,B,5,Stauro,"0,01187",Apoptosis,B05,,28h,apoptosis,2,0.01187,,3,,,171360.0,0.6824449376534314,0.6824449376534314
252,252,252,30,B,6,Stauro,"0,005935",Apoptosis,B06,,28h,apoptosis,2,0.005935,,3,,,177816.0,0.7081560984697861,0.7081560984697861
253,253,253,31,B,7,Stauro,"0,0029675",Apoptosis,B07,,28h,apoptosis,2,0.0029675,,3,,,198592.0,0.7908969716297283,0.7908969716297283
254,254,254,37,B,13,Stauro,"0,04748",Apoptosis,B13,,28h,apoptosis,2,0.04748,,3,,,112960.0,0.4498656638499743,0.4498656638499743
255,255,255,38,B,14,Stauro,"0,02374",Apoptosis,B14,,28h,apoptosis,2,0.02374,,3,,,145312.0,0.5787082095021908,0.5787082095021908
256,256,256,39,B,15,Stauro,"0,01187",Apoptosis,B15,,28h,apoptosis,2,0.01187,,3,,,165368.0,0.6585816669577068,0.6585816669577068
257,257,257,40,B,16,Stauro,"0,005935",Apoptosis,B16,,28h,apoptosis,2,0.005935,,3,,,171296.0,0.6821900562574824,0.6821900562574824
258,258,258,42,B,18,Stauro,"0,04748",Apoptosis,B18,,28h,apoptosis,2,0.04748,,3,,,114016.0,0.4540712068831327,0.4540712068831327
259,259,259,43,B,19,Stauro,"0,02374",Apoptosis,B19,,28h,apoptosis,2,0.02374,,3,,,138952.0,0.5533793707797595,0.5533793707797595
260,260,260,44,B,20,Stauro,"0,01187",Apoptosis,B20,,28h,apoptosis,2,0.01187,,3,,,169952.0,0.6768375469425535,0.6768375469425535
261,261,261,45,B,21,Stauro,"0,005935",Apoptosis,B21,,28h,apoptosis,2,0.005935,,3,,,176632.0,0.7034407926447297,0.7034407926447297
262,262,262,46,B,22,Stauro,"0,0029675",Apoptosis,B22,,28h,apoptosis,2,0.0029675,,3,,,192464.0,0.7664920779676121,0.7664920779676121
263,263,263,51,C,3,Vinblastine,"0,00222",Apoptosis,C03,,28h,apoptosis,3,0.00222,,3,,,107416.0,0.4277865629258927,0.4277865629258927
264,264,264,52,C,4,Vinblastine,"0,00111",Apoptosis,C04,,28h,apoptosis,3,0.00111,,3,,,185360.0,0.7382002430172738,0.7382002430172738
265,265,265,61,C,13,Vinblastine,"0,00222",Apoptosis,C13,,28h,apoptosis,3,0.00222,,3,,,135872.0,0.5411132035997142,0.5411132035997142
266,266,266,62,C,14,Vinblastine,"0,00111",Apoptosis,C14,,28h,apoptosis,3,0.00111,,3,,,176128.0,0.7014336016516314,0.7014336016516314
267,267,267,66,C,18,Vinblastine,"0,00222",Apoptosis,C18,,28h,apoptosis,3,0.00222,,3,,,108200.0,0.4309088600262679,0.4309088600262679
268,268,268,67,C,19,Vinblastine,"0,00111",Apoptosis,C19,,28h,apoptosis,3,0.00111,,3,,,146944.0,0.5852076850988902,0.5852076850988902
269,269,269,75,D,3,Paclitaxel,"110,24",Apoptosis,D03,,28h,apoptosis,4,110.24,,3,,,115288.0,0.459136974627619,0.459136974627619
270,270,270,78,D,6,Paclitaxel,"13,78",Apoptosis,D06,,28h,apoptosis,4,13.78,,3,,,78672.0,0.3133129559703008,0.3133129559703008
271,271,271,79,D,7,Paclitaxel,"6,89",Apoptosis,D07,,28h,apoptosis,4,6.89,,3,,,85544.0,0.340680845860324,0.340680845860324
272,272,272,88,D,16,Paclitaxel,"13,78",Apoptosis,D16,,28h,apoptosis,4,13.78,,3,,,85256.0,0.3395338795785536,0.3395338795785536
273,273,273,89,D,17,Paclitaxel,"6,89",Apoptosis,D17,,28h,apoptosis,4,6.89,,3,,,111656.0,0.4446724554075136,0.4446724554075136
274,274,274,90,D,18,Paclitaxel,"110,24",Apoptosis,D18,,28h,apoptosis,4,110.24,,3,,,83688.0,0.3332892853778032,0.3332892853778032
275,275,275,93,D,21,Paclitaxel,"13,78",Apoptosis,D21,,28h,apoptosis,4,13.78,,3,,,83000.0,0.3305493103713515,0.3305493103713515
276,276,276,94,D,22,Paclitaxel,"6,89",Apoptosis,D22,,28h,apoptosis,4,6.89,,3,,,104064.0,0.4144371498130642,0.4144371498130642
277,277,277,99,E,3,Etoposide,"67,48",Apoptosis,E03,,28h,apoptosis,5,67.48,,3,,,98880.0,0.3937917567411957,0.3937917567411957
278,278,278,100,E,4,Etoposide,"33,74",Apoptosis,E04,,28h,apoptosis,5,33.74,,3,,,131608.0,0.5241317305946125,0.5241317305946125
279,279,279,101,E,5,Etoposide,"16,87",Apoptosis,E05,,28h,apoptosis,5,16.87,,3,,,140272.0,0.5586362995712075,0.5586362995712075
280,280,280,102,E,6,Etoposide,"8,435",Apoptosis,E06,,28h,apoptosis,5,8.435,,3,,,180304.0,0.7180646127373033,0.7180646127373033
281,281,281,103,E,7,Etoposide,"4,2175",Apoptosis,E07,,28h,apoptosis,5,4.2175,,3,,,173000.0,0.6889762734246243,0.6889762734246243
282,282,282,109,E,13,Etoposide,"67,48",Apoptosis,E13,,28h,apoptosis,5,67.48,,3,,,107872.0,0.4296025928720293,0.4296025928720293
283,283,283,110,E,14,Etoposide,"33,74",Apoptosis,E14,,28h,apoptosis,5,33.74,,3,,,142416.0,0.5671748263354989,0.5671748263354989
284,284,284,111,E,15,Etoposide,"16,87",Apoptosis,E15,,28h,apoptosis,5,16.87,,3,,,135048.0,0.5378316056268709,0.5378316056268709
285,285,285,112,E,16,Etoposide,"8,435",Apoptosis,E16,,28h,apoptosis,5,8.435,,3,,,184672.0,0.7354602680108221,0.7354602680108221
286,286,286,113,E,17,Etoposide,"4,2175",Apoptosis,E17,,28h,apoptosis,5,4.2175,,3,,,169824.0,0.6763277841506555,0.6763277841506555
287,287,287,114,E,18,Etoposide,"67,48",Apoptosis,E18,,28h,apoptosis,5,67.48,,3,,,106472.0,0.4240270623356451,0.4240270623356451
288,288,288,115,E,19,Etoposide,"33,74",Apoptosis,E19,,28h,apoptosis,5,33.74,,3,,,125320.0,0.4990896334426238,0.4990896334426238
289,289,289,116,E,20,Etoposide,"16,87",Apoptosis,E20,,28h,apoptosis,5,16.87,,3,,,157824.0,0.6285375224102191,0.6285375224102191
290,290,290,117,E,21,Etoposide,"8,435",Apoptosis,E21,,28h,apoptosis,5,8.435,,3,,,164280.0,0.6542486832265739,0.6542486832265739
291,291,291,118,E,22,Etoposide,"4,2175",Apoptosis,E22,,28h,apoptosis,5,4.2175,,3,,,184984.0,0.7367028148160735,0.7367028148160735
292,292,292,123,F,3,Actinomycin D,"0,0015104",Apoptosis,F03,,28h,apoptosis,6,0.0015104,,3,,,196048.0,0.7807654361407558,0.7807654361407558
293,293,293,138,F,18,Actinomycin D,"0,0015104",Apoptosis,F18,,28h,apoptosis,6,0.0015104,,3,,,199024.0,0.792617421052384,0.792617421052384
294,294,294,147,G,3,Doxorubicin,"0,2472",Apoptosis,G03,,28h,apoptosis,7,0.2472,,3,,,133472.0,0.5315551512516269,0.5315551512516269
295,295,295,157,G,13,Doxorubicin,"0,2472",Apoptosis,G13,,28h,apoptosis,7,0.2472,,3,,,118440.0,0.4716898833781069,0.4716898833781069
296,296,296,158,G,14,Doxorubicin,"0,1236",Apoptosis,G14,,28h,apoptosis,7,0.1236,,3,,,194512.0,0.7746482826379799,0.7746482826379799
297,297,297,162,G,18,Doxorubicin,"0,2472",Apoptosis,G18,,28h,apoptosis,7,0.2472,,3,,,137792.0,0.548759645478184,0.548759645478184
298,298,298,163,G,19,Doxorubicin,"0,1236",Apoptosis,G19,,28h,apoptosis,7,0.1236,,3,,,184056.0,0.7330070345748131,0.7330070345748131
299,299,299,171,H,3,Niclosamide,"6,78",Apoptosis,H03,,28h,apoptosis,8,6.78,,3,,,81048.0,0.3227754277949072,0.3227754277949072
300,300,300,172,H,4,Niclosamide,"3,39",Apoptosis,H04,,28h,apoptosis,8,3.39,,3,,,137248.0,0.5465931536126176,0.5465931536126176
301,301,301,181,H,13,Niclosamide,"6,78",Apoptosis,H13,,28h,apoptosis,8,6.78,,3,,,92824.0,0.3696736046495221,0.3696736046495221
302,302,302,182,H,14,Niclosamide,"3,39",Apoptosis,H14,,28h,apoptosis,8,3.39,,3,,,125136.0,0.4983568494292704,0.4983568494292704
303,303,303,183,H,15,Niclosamide,"1,695",Apoptosis,H15,,28h,apoptosis,8,1.695,,3,,,196840.0,0.7839195934156246,0.7839195934156246
304,304,304,187,H,19,Niclosamide,"3,39",Apoptosis,H19,,28h,apoptosis,8,3.39,,3,,,176152.0,0.7015291821751123,0.7015291821751123
305,305,305,188,H,20,Niclosamide,"1,695",Apoptosis,H20,,28h,apoptosis,8,1.695,,3,,,190408.0,0.7583040131227506,0.7583040131227506
306,306,306,196,I,4,RLS3,"0,03014",Ferroptosis,I04,,28h,ferroptosis,9,0.03014,,3,,,115752.0,0.4609848647482492,0.4609848647482492
307,307,307,197,I,5,RLS3,"0,01507",Ferroptosis,I05,,28h,ferroptosis,9,0.01507,,3,,,188840.0,0.7520594189220003,0.7520594189220003
308,308,308,206,I,14,RLS3,"0,03014",Ferroptosis,I14,,28h,ferroptosis,9,0.03014,,3,,,133816.0,0.5329251387548528,0.5329251387548528
309,309,309,207,I,15,RLS3,"0,01507",Ferroptosis,I15,,28h,ferroptosis,9,0.01507,,3,,,191472.0,0.7625414163304027,0.7625414163304027
310,310,310,211,I,19,RLS3,"0,03014",Ferroptosis,I19,,28h,ferroptosis,9,0.03014,,3,,,96440.0,0.3840744035206403,0.3840744035206403
311,311,311,221,J,5,ML162,"0,02393",Ferroptosis,J05,,28h,ferroptosis,10,0.02393,,3,,,169608.0,0.6754675594393277,0.6754675594393277
312,312,312,231,J,15,ML162,"0,02393",Ferroptosis,J15,,28h,ferroptosis,10,0.02393,,3,,,165168.0,0.6577851625953662,0.6577851625953662
313,313,313,235,J,19,ML162,"0,04786",Ferroptosis,J19,,28h,ferroptosis,10,0.04786,,3,,,77600.0,0.3090436925881551,0.3090436925881551
314,314,314,236,J,20,ML162,"0,02393",Ferroptosis,J20,,28h,ferroptosis,10,0.02393,,3,,,163512.0,0.6511901064751859,0.6511901064751859
315,315,315,246,K,6,ML210,"0,0588",Ferroptosis,K06,,28h,ferroptosis,11,0.0588,,3,,,175400.0,0.6985343257727116,0.6985343257727116
316,316,316,255,K,15,ML210,"0,1176",Ferroptosis,K15,,28h,ferroptosis,11,0.1176,,3,,,76832.0,0.3059851158367672,0.3059851158367672
317,317,317,260,K,20,ML210,"0,1176",Ferroptosis,K20,,28h,ferroptosis,11,0.1176,,3,,,75400.0,0.3002821446024085,0.3002821446024085
318,318,318,261,K,21,ML210,"0,0588",Ferroptosis,K21,,28h,ferroptosis,11,0.0588,,3,,,121248.0,0.4828728046253691,0.4828728046253691
319,319,319,293,M,5,IKE,"0,349",Ferroptosis,M05,,28h,ferroptosis,13,0.349,,3,,,105880.0,0.4216694094231169,0.4216694094231169
320,320,320,303,M,15,IKE,"0,349",Ferroptosis,M15,,28h,ferroptosis,13,0.349,,3,,,105720.0,0.4210322059332444,0.4210322059332444
321,321,321,308,M,20,IKE,"0,349",Ferroptosis,M20,,28h,ferroptosis,13,0.349,,3,,,159272.0,0.6343042139935652,0.6343042139935652
322,322,322,309,M,21,IKE,"0,1745",Ferroptosis,M21,,28h,ferroptosis,13,0.1745,,3,,,199648.0,0.7951025146628867,0.7951025146628867
323,323,323,317,N,5,FINO2,"1,071",Ferroptosis,N05,,28h,ferroptosis,14,1.071,,3,,,90224.0,0.3593190479390942,0.3593190479390942
324,324,324,318,N,6,FINO2,"0,5355",Ferroptosis,N06,,28h,ferroptosis,14,0.5355,,3,,,148944.0,0.5931727287222962,0.5931727287222962
325,325,325,327,N,15,FINO2,"1,071",Ferroptosis,N15,,28h,ferroptosis,14,1.071,,3,,,97544.0,0.3884711076007604,0.3884711076007604
326,326,326,328,N,16,FINO2,"0,5355",Ferroptosis,N16,,28h,ferroptosis,14,0.5355,,3,,,157912.0,0.628887984329649,0.628887984329649
327,327,327,329,N,17,FINO2,"0,26775",Ferroptosis,N17,,28h,ferroptosis,14,0.26775,,3,,,198568.0,0.7908013911062475,0.7908013911062475
328,328,328,332,N,20,FINO2,"1,071",Ferroptosis,N20,,28h,ferroptosis,14,1.071,,3,,,83040.0,0.3307086112438197,0.3307086112438197
329,329,329,333,N,21,FINO2,"0,5355",Ferroptosis,N21,,28h,ferroptosis,14,0.5355,,3,,,180736.0,0.719785062159959,0.719785062159959
330,330,330,334,N,22,FINO2,"0,26775",Ferroptosis,N22,,28h,ferroptosis,14,0.26775,,3,,,178568.0,0.7111509548721868,0.7111509548721868
331,331,331,340,O,4,FIN56,"0,1553",Ferroptosis,O04,,28h,ferroptosis,15,0.1553,,3,,,126928.0,0.5054935285158423,0.5054935285158423
332,332,332,341,O,5,FIN56,"0,07765",Ferroptosis,O05,,28h,ferroptosis,15,0.07765,,3,,,99584.0,0.3965954520966346,0.3965954520966346
333,333,333,342,O,6,FIN56,"0,038825",Ferroptosis,O06,,28h,ferroptosis,15,0.038825,,3,,,191024.0,0.7607572465587598,0.7607572465587598
334,334,334,350,O,14,FIN56,"0,1553",Ferroptosis,O14,,28h,ferroptosis,15,0.1553,,3,,,106040.0,0.4223066129129894,0.4223066129129894
335,335,335,351,O,15,FIN56,"0,07765",Ferroptosis,O15,,28h,ferroptosis,15,0.07765,,3,,,117832.0,0.4692685101165915,0.4692685101165915
336,336,336,352,O,16,FIN56,"0,038825",Ferroptosis,O16,,28h,ferroptosis,15,0.038825,,3,,,194472.0,0.7744889817655118,0.7744889817655118
337,337,337,353,O,17,FIN56,"0,0194125",Ferroptosis,O17,,28h,ferroptosis,15,0.0194125,,3,,,182712.0,0.7276545252598842,0.7276545252598842
338,338,338,356,O,20,FIN56,"0,07765",Ferroptosis,O20,,28h,ferroptosis,15,0.07765,,3,,,137784.0,0.5487277853036904,0.5487277853036904
339,339,339,357,O,21,FIN56,"0,038825",Ferroptosis,O21,,28h,ferroptosis,15,0.038825,,3,,,181384.0,0.7223657362939425,0.7223657362939425
340,340,340,358,O,22,FIN56,"0,0194125",Ferroptosis,O22,,28h,ferroptosis,15,0.0194125,,3,,,191168.0,0.761330729699645,0.761330729699645
341,341,341,359,O,23,DMSO,0,Healthy,O23,,28h,healthy,15,0.0,,3,,,194032.0,0.7727366721683625,0.7727366721683625
342,342,342,176,H,8,DMSO,0,Apoptosis,H08,,28h,healthy,8,0.0,,3,,,239816.0,0.955072450795374,0.955072450795374
343,343,343,80,D,8,DMSO,0,Apoptosis,D08,,28h,healthy,4,0.0,,3,,,247096.0,0.984065209584572,0.984065209584572
344,344,344,276,L,12,DMSO,0,Ferroptosis,L12,,28h,healthy,12,0.0,,3,,,238504.0,0.9498473821784196,0.9498473821784196
345,345,345,154,G,10,DMSO,0,Apoptosis,G10,,28h,healthy,7,0.0,,3,,,262424.0,1.0451093039143562,1.0451093039143562
346,346,346,82,D,10,DMSO,0,Apoptosis,D10,,28h,healthy,4,0.0,,3,,,252808.0,1.00681337417302,1.00681337417302
347,347,347,56,C,8,DMSO,0,Apoptosis,C08,,28h,healthy,3,0.0,,3,,,255488.0,1.017486532628384,1.017486532628384
348,348,348,202,I,10,DMSO,0,Ferroptosis,I10,,28h,healthy,9,0.0,,3,,,261400.0,1.0410312015791725,1.0410312015791725
349,349,349,60,C,12,DMSO,0,Apoptosis,C12,,28h,healthy,3,0.0,,3,,,265232.0,1.0562922251616182,1.0562922251616182
350,350,350,348,O,12,DMSO,0,Ferroptosis,O12,,28h,healthy,15,0.0,,3,,,224176.0,0.8927858096603386,0.8927858096603386
351,351,351,47,B,23,DMSO,0,Healthy,B23,,28h,healthy,2,0.0,,3,,,265288.0,1.0565152463830736,1.0565152463830736
352,352,352,311,M,23,DMSO,0,Healthy,M23,,28h,healthy,13,0.0,,3,,,225456.0,0.8978834375793185,0.8978834375793185
353,353,353,335,N,23,DMSO,0,Healthy,N23,,28h,healthy,14,0.0,,3,,,236064.0,0.9401300289578642,0.9401300289578642
354,354,354,84,D,12,DMSO,0,Apoptosis,D12,,28h,healthy,4,0.0,,3,,,251648.0,1.0021936488714442,1.0021936488714442
355,355,355,226,J,10,DMSO,0,Ferroptosis,J10,,28h,healthy,10,0.0,,3,,,246216.0,0.9805605903902734,0.9805605903902734
356,356,356,191,H,23,DMSO,0,Healthy,H23,,28h,healthy,8,0.0,,3,,,241072.0,0.9600744981908732,0.9600744981908732
357,357,357,98,E,2,Untreated,0,Healthy,E02,,28h,healthy,5,0.0,,3,,,254424.0,1.013249129420732,1.013249129420732
358,358,358,266,L,2,Untreated,0,Healthy,L02,,28h,healthy,12,0.0,,3,,,273640.0,1.0897772685544174,1.0897772685544174
359,359,359,81,D,9,Untreated,0,Apoptosis,D09,,28h,healthy,4,0.0,,3,,,273992.0,1.091179116232137,1.091179116232137
360,360,360,336,N,24,Untreated,0,Healthy,N24,,28h,healthy,14,0.0,,3,,,228832.0,0.911328431215628,0.911328431215628
361,361,361,264,K,24,Untreated,0,Healthy,K24,,28h,healthy,11,0.0,,3,,,249536.0,0.9937825628051274,0.9937825628051274
362,362,362,242,K,2,Untreated,0,Healthy,K02,,28h,healthy,11,0.0,,3,,,284296.0,1.1322150209799249,1.1322150209799249
363,363,363,105,E,9,Untreated,0,Apoptosis,E09,,28h,healthy,5,0.0,,3,,,260760.0,1.0384823876196825,1.0384823876196825
364,364,364,338,O,2,Untreated,0,Healthy,O02,,28h,healthy,15,0.0,,3,,,255464.0,1.0173909521049032,1.0173909521049032
365,365,365,312,M,24,Untreated,0,Healthy,M24,,28h,healthy,13,0.0,,3,,,236576.0,0.9421690801254562,0.9421690801254562
366,366,366,59,C,11,Untreated,0,Apoptosis,C11,,28h,healthy,3,0.0,,3,,,252400.0,1.005188505273845,1.005188505273845
367,367,367,249,K,9,Untreated,0,Ferroptosis,K09,,28h,healthy,11,0.0,,3,,,257832.0,1.0268215637550158,1.0268215637550158
368,368,368,168,G,24,Untreated,0,Healthy,G24,,28h,healthy,7,0.0,,3,,,258488.0,1.029434098063493,1.029434098063493
369,369,369,225,J,9,Untreated,0,Ferroptosis,J09,,28h,healthy,10,0.0,,3,,,258680.0,1.03019874225134,1.03019874225134
370,370,370,131,F,11,Untreated,0,Apoptosis,F11,,28h,healthy,6,0.0,,3,,,283880.0,1.1305582919062565,1.1305582919062565
371,371,371,50,C,2,Untreated,0,Healthy,C02,,28h,healthy,3,0.0,,3,,,258048.0,1.0276817884663436,1.0276817884663436
